Bildnummer;Zeit [s];X Position [cm];Y Position [cm];
1;0;0,41;7,86;
2;0,04;0,03;7,86;
3;0,08;-2,16;7,38;
4;0,12;-3,14;6,97;
5;0,16;-4;6,37;
6;0,2;-4,76;5,73;
7;0,24;-5,37;5,1;
8;0,28;-5,81;4,4;
9;0,32;-6,19;3,76;
10;0,36;-6,38;3,25;
11;0,4;-6,7;2,43;
12;0,44;-6,76;2,21;
13;0,48;-6,79;2,05;
14;0,52;-6,76;2,21;
15;0,56;-6,7;2,43;
16;0,6;-6,57;2,75;
17;0,64;-6,44;3,16;
18;0,68;-6,22;3,67;
19;0,72;-5,56;4,84;
20;0,76;-5,05;5,44;
21;0,8;-4,48;6,02;
22;0,84;-3,75;6,56;
23;0,88;-2,92;7,06;
24;0,92;-2,03;7,44;
25;0,96;-1,02;7,73;
26;1;1,05;7,83;
27;1,04;2,06;7,63;
28;1,08;3,08;7,32;
29;1,12;4;6,87;
30;1,16;4,79;6,37;
31;1,2;6,03;5,19;
32;1,24;6,48;4,62;
33;1,28;6,79;4,08;
34;1,32;7,05;3,63;
35;1,36;7,3;3,06;
36;1,4;7,33;2,97;
37;1,44;7,33;3;
38;1,48;7,3;3,1;
39;1,52;7,21;3,32;
40;1,56;7,05;3,63;
41;1,6;6,54;4,52;
42;1,64;6,16;5,03;
43;1,68;5,68;5,6;
44;1,72;5,11;6,11;
45;1,76;3,65;7,1;
46;1,8;2,79;7,44;
47;1,84;1,84;7,7;
48;1,88;0,86;7,86;
49;1,92;-0,1;7,83;
50;1,96;-2,03;7,44;
51;2;-2,86;7,1;
52;2,04;-3,65;6,65;
53;2,08;-4,35;6,17;
54;2,12;-4,89;5,67;
55;2,16;-5,68;4,62;
56;2,2;-5,94;4,21;
57;2,24;-6,16;3,86;
58;2,28;-6,32;3,6;
59;2,32;-6,35;3,38;
60;2,36;-6,41;3,32;
61;2,4;-6,35;3,48;
62;2,44;-6,25;3,63;
63;2,48;-6,13;3,92;
64;2,52;-5,94;4,3;
65;2,56;-5,65;4,68;
66;2,6;-5,33;5,13;
67;2,64;-4,41;6,08;
68;2,68;-3,84;6,52;
69;2,72;-3,14;6,97;
70;2,76;-2,38;7,35;
71;2,8;-1,52;7,6;
72;2,84;0,25;7,86;
73;2,88;1,17;7,83;
74;2,92;2,06;7,67;
75;2,96;2,95;7,41;
76;3;3,71;7,03;
77;3,04;4,44;6,62;
78;3,08;5,56;5,7;
79;3,12;5,97;5,29;
80;3,16;6,32;4,87;
81;3,2;6,54;4,56;
82;3,24;6,7;4,3;
83;3,28;6,86;4,05;
84;3,32;6,83;4,05;
85;3,36;6,76;4,17;
86;3,4;6,67;4,37;
87;3,44;6,22;4,97;
88;3,48;5,94;5,35;
89;3,52;5,52;5,76;
90;3,56;5,05;6,17;
91;3,6;4,48;6,62;
92;3,64;3,11;7,32;
93;3,68;2,32;7,57;
94;3,72;1,49;7,73;
95;3,76;0,67;7,86;
96;3,8;-0,19;7,83;
97;3,84;-1,84;7,51;
98;3,88;-2,6;7,22;
99;3,92;-3,27;6,87;
100;3,96;-3,87;6,49;
101;4;-4,41;6,08;
102;4,04;-4,83;5,7;
103;4,08;-5,46;5;
104;4,12;-5,65;4,71;
105;4,16;-5,78;4,52;
106;4,2;-5,87;4,4;
107;4,24;-5,9;4,33;
108;4,28;-5,84;4,46;
109;4,32;-5,71;4,62;
110;4,36;-5,56;4,84;
111;4,4;-5,33;5,13;
112;4,44;-5,05;5,48;
113;4,48;-4,7;5,83;
114;4,52;-3,78;6,56;
115;4,56;-3,21;6,9;
116;4,6;-2,57;7,22;
117;4,64;-1,87;7,54;
118;4,68;-1,11;7,7;
119;4,72;-0,35;7,83;
120;4,76;1,24;7,79;
121;4,8;2,03;7,67;
122;4,84;2,76;7,48;
123;4,88;3,43;7,19;
124;4,92;4,06;6,87;
125;4,96;5,08;6,17;
126;5;5,46;5,83;
127;5,04;5,75;5,51;
128;5,08;5,97;5,29;
129;5,12;6,16;5,1;
130;5,16;6,25;4,97;
131;5,2;6,32;4,9;
132;5,24;6,22;5,03;
133;5,28;6,06;5,19;
134;5,32;5,87;5,41;
135;5,36;5,65;5,67;
136;5,4;5,3;5,98;
137;5,44;4,44;6,62;
138;5,48;3,9;6,97;
139;5,52;3,3;7,22;
140;5,56;2,67;7,48;
141;5,6;1,94;7,67;
142;5,64;0,51;7,86;
143;5,68;-0,22;7,83;
144;5,72;-0,95;7,73;
145;5,76;-2,32;7,35;
146;5,8;-2,95;7,06;
147;5,84;-3,46;6,78;
148;5,88;-3,94;6,46;
149;5,92;-4,32;6,17;
150;5,96;-4,89;5,63;
151;6;-5,08;5,44;
152;6,04;-5,3;5,19;
153;6,08;-5,33;5,16;
154;6,12;-5,3;5,19;
155;6,16;-5,24;5,29;
156;6,2;-5,11;5,41;
157;6,24;-4,95;5,57;
158;6,28;-4,41;6,08;
159;6,32;-4,06;6,37;
160;6,36;-3,21;6,94;
161;6,4;-2,67;7,19;
162;6,44;-2,06;7,41;
163;6,48;-1,46;7,6;
164;6,52;-0,79;7,73;
165;6,56;-0,13;7,83;
166;6,6;1,27;7,79;
167;6,64;1,94;7,7;
168;6,68;2,57;7,51;
169;6,72;3,17;7,29;
170;6,76;3,71;7,03;
171;6,8;4,16;6,81;
172;6,84;4,92;6,3;
173;6,88;5,21;6,08;
174;6,92;5,43;5,89;
175;6,96;5,56;5,76;
176;7;5,68;5,63;
177;7,04;5,68;5,67;
178;7,08;5,59;5,76;
179;7,12;5,43;5,89;
180;7,16;5,24;6,05;
181;7,2;4,67;6,49;
182;7,24;4,29;6,71;
183;7,28;3,87;6,97;
184;7,32;3,4;7,19;
185;7,36;2,86;7,41;
186;7,4;2,29;7,6;
187;7,44;1,05;7,79;
188;7,48;0,38;7,86;
189;7,52;-0,25;7,83;
190;7,56;-0,89;7,73;
191;7,6;-1,49;7,63;
192;7,64;-2,06;7,44;
193;7,68;-3,05;7;
194;7,72;-3,46;6,78;
195;7,76;-3,81;6,59;
196;7,8;-4,1;6,37;
197;7,84;-4,32;6,17;
198;7,88;-4,51;6,02;
199;7,92;-4,7;5,89;
200;7,96;-4,7;5,83;
201;8;-4,67;5,86;
202;8,04;-4,6;5,95;
203;8,08;-4,48;6,05;
204;8,12;-4,06;6,4;
205;8,16;-3,78;6,59;
206;8,2;-3,46;6,78;
207;8,24;-3,08;7,03;
208;8,28;-2,63;7,22;
209;8,32;-2,16;7,41;
210;8,36;-1,08;7,7;
211;8,4;-0,51;7,79;
212;8,44;0,06;7,86;
213;8,48;0,7;7,86;
214;8,52;1,27;7,83;
215;8,56;2,35;7,6;
216;8,6;2,89;7,41;
217;8,64;3,33;7,22;
218;8,68;3,75;7,03;
219;8,72;4,1;6,87;
220;8,76;4,41;6,68;
221;8,8;4,83;6,4;
222;8,84;4,95;6,3;
223;8,88;5,02;6,27;
224;8,92;5,05;6,21;
225;8,96;5,02;6,27;
226;9;4,79;6,43;
227;9,04;4,6;6,56;
228;9,08;4,32;6,71;
229;9,12;4,1;6,9;
230;9,16;3,71;7,06;
231;9,2;3,33;7,25;
232;9,24;2,41;7,57;
233;9,28;1,9;7,7;
234;9,32;1,37;7,79;
235;9,36;0,86;7,86;
236;9,4;0,29;7,86;
237;9,44;-0,25;7,83;
238;9,48;-1,3;7,67;
239;9,52;-1,81;7,54;
240;9,56;-2,22;7,38;
241;9,6;-2,63;7,22;
242;9,64;-2,98;7,06;
243;9,68;-3,56;6,78;
244;9,72;-3,75;6,65;
245;9,76;-3,87;6,49;
246;9,8;-4;6,46;
247;9,84;-4,06;6,4;
248;9,88;-4,06;6,4;
249;9,92;-3,94;6,52;
250;9,96;-3,81;6,59;
251;10;-3,62;6,68;
252;10,04;-3,43;6,84;
253;10,08;-3,14;6,97;
254;10,12;-2,51;7,29;
255;10,16;-2,1;7,44;
256;10,2;-1,68;7,57;
257;10,24;-1,24;7,67;
258;10,28;-0,76;7,76;
259;10,32;-0,25;7,83;
260;10,36;0,76;7,86;
261;10,4;1,24;7,79;
262;10,44;1,71;7,73;
263;10,48;2,16;7,63;
264;10,52;2,6;7,51;
265;10,56;3,33;7,22;
266;10,6;3,65;7,1;
267;10,64;3,9;6,97;
268;10,68;4,1;6,9;
269;10,72;4,25;6,81;
270;10,76;4,32;6,71;
271;10,8;4,41;6,71;
272;10,84;4,35;6,71;
273;10,88;4,29;6,78;
274;10,92;4,13;6,84;
275;10,96;3,97;6,94;
276;11;3,46;7,22;
277;11,04;3,14;7,32;
278;11,08;2,83;7,44;
279;11,12;2,38;7,57;
280;11,16;2;7,7;
281;11,2;1,08;7,79;
282;11,24;0,63;7,86;
283;11,28;0,19;7,86;
284;11,32;-0,29;7,83;
285;11,36;-0,73;7,76;
286;11,4;-1,14;7,7;
287;11,44;-1,94;7,48;
288;11,48;-2,25;7,41;
289;11,52;-2,57;7,25;
290;11,56;-3,05;7,03;
291;11,6;-3,21;6,97;
292;11,64;-3,33;6,87;
293;11,68;-3,4;6,84;
294;11,72;-3,43;6,81;
295;11,76;-3,46;6,78;
296;11,8;-3,33;6,9;
297;11,84;-3,21;6,97;
298;11,88;-3,05;7,06;
299;11,92;-2,83;7,13;
300;11,96;-2,57;7,25;
301;12;-2;7,48;
302;12,04;-1,65;7,6;
303;12,08;-1,27;7,67;
304;12,12;-0,44;7,83;
305;12,16;-0,06;7,86;
306;12,2;0,38;7,86;
307;12,24;0,79;7,86;
308;12,28;1,21;7,83;
309;12,32;1,65;7,73;
310;12,36;2,35;7,6;
311;12,4;2,67;7,51;
312;12,44;2,95;7,41;
313;12,48;3,21;7,29;
314;12,52;3,43;7,22;
315;12,56;3,71;7,1;
316;12,6;3,78;7,06;
317;12,64;3,81;7,03;
318;12,68;3,78;7,03;
319;12,72;3,75;7,06;
320;12,76;3,68;7,1;
321;12,8;3,37;7,22;
322;12,84;3,14;7,32;
323;12,88;2,92;7,41;
324;12,92;2,63;7,54;
325;12,96;2,32;7,6;
326;13;1,65;7,73;
327;13,04;1,27;7,79;
328;13,08;0,89;7,86;
329;13,12;0,48;7,86;
330;13,16;0,1;7,86;
331;13,2;-0,29;7,83;
332;13,24;-1,02;7,76;
333;13,28;-1,33;7,67;
334;13,32;-1,65;7,57;
335;13,36;-1,9;7,51;
336;13,4;-2,19;7,41;
337;13,44;-2,57;7,29;
338;13,48;-2,7;7,22;
339;13,52;-2,79;7,16;
340;13,56;-2,86;7,13;
341;13,6;-2,89;7,13;
342;13,64;-2,83;7,16;
343;13,68;-2,73;7,22;
344;13,72;-2,6;7,25;
345;13,76;-2,48;7,29;
346;13,8;-2,29;7,41;
347;13,84;-2,03;7,48;
348;13,88;-1,52;7,6;
349;13,92;-1,24;7,67;
350;13,96;-0,89;7,73;
351;14;-0,57;7,79;
352;14,04;-0,22;7,83;
353;14,08;0,51;7,89;
354;14,12;0,86;7,89;
355;14,16;1,21;7,79;
356;14,2;1,52;7,79;
357;14,24;1,84;7,73;
358;14,28;2,1;7,67;
359;14,32;2,6;7,54;
360;14,36;2,83;7,48;
361;14,4;2,95;7,41;
362;14,44;3,08;7,35;
363;14,48;3,17;7,35;
364;14,52;3,24;7,29;
365;14,56;3,24;7,29;
366;14,6;3,21;7,32;
367;14,64;3,11;7,35;
368;14,68;2,98;7,41;
369;14,72;2,83;7,44;
370;14,76;2,63;7,51;
371;14,8;2,41;7,57;
372;14,84;1,9;7,7;
373;14,88;1,62;7,76;
374;14,92;1,3;7,79;
375;14,96;0,7;7,86;
376;15;0,35;7,89;
377;15,04;0,03;7,86;
378;15,08;-0,29;7,83;
379;15,12;-0,6;7,79;
380;15,16;-1,14;7,7;
381;15,2;-1,4;7,63;
382;15,24;-1,65;7,6;
383;15,28;-1,84;7,54;
384;15,32;-2;7,48;
385;15,36;-2,16;7,44;
386;15,4;-2,25;7,41;
387;15,44;-2,38;7,35;
388;15,48;-2,38;7,35;
389;15,52;-2,38;7,38;
390;15,56;-2,32;7,38;
391;15,6;-2,13;7,44;
392;15,64;-1,97;7,48;
393;15,68;-1,81;7,57;
394;15,72;-1,59;7,6;
395;15,76;-1,37;7,67;
396;15,8;-0,86;7,76;
397;15,84;-0,6;7,79;
398;15,88;-0,32;7,86;
399;15,92;0;7,89;
400;15,96;0,29;7,86;
401;16;0,86;7,86;
402;16,04;1,14;7,83;
403;16,08;1,4;7,79;
404;16,12;1,68;7,76;
405;16,16;1,9;7,73;
406;16,2;2,29;7,6;
407;16,24;2,44;7,57;
408;16,28;2,57;7,54;
409;16,32;2,67;7,54;
410;16,36;2,73;7,48;
411;16,4;2,76;7,48;
412;16,44;2,76;7,48;
413;16,48;2,7;7,48;
414;16,52;2,6;7,54;
415;16,56;2,51;7,57;
416;16,6;2,35;7,6;
417;16,64;2,19;7,67;
418;16,68;1,78;7,73;
419;16,72;1,56;7,79;
420;16,76;1,3;7,79;
421;16,8;1,05;7,83;
422;16,84;0,79;7,86;
423;16,88;0,25;7,89;
424;16,92;0;7,89;
425;16,96;-0,29;7,83;
426;17;-0,54;7,83;
427;17,04;-0,76;7,79;
428;17,08;-1,21;7,7;
429;17,12;-1,37;7,67;
430;17,16;-1,52;7,63;
431;17,2;-1,65;7,57;
432;17,24;-1,75;7,54;
433;17,28;-1,84;7,54;
434;17,32;-1,94;7,51;
435;17,36;-1,94;7,51;
436;17,4;-1,87;7,51;
437;17,44;-1,84;7,57;
438;17,48;-1,75;7,54;
439;17,52;-1,65;7,6;
440;17,56;-1,37;7,67;
441;17,6;-1,17;7,7;
442;17,64;-0,98;7,76;
443;17,68;-0,79;7,79;
444;17,72;-0,57;7,83;
445;17,76;-0,1;7,86;
446;17,8;0,13;7,86;
447;17,84;0,38;7,86;
448;17,88;0,63;7,86;
449;17,92;0,86;7,86;
450;17,96;1,3;7,79;
451;18;1,52;7,79;
452;18,04;1,71;7,73;
453;18,08;1,84;7,73;
454;18,12;1,97;7,7;
455;18,16;2,19;7,67;
456;18,2;2,32;7,6;
457;18,24;2,32;7,6;
458;18,28;2,35;7,6;
459;18,32;2,35;7,6;
460;18,36;2,25;7,63;
461;18,4;2,16;7,67;
462;18,44;2,06;7,7;
463;18,48;1,9;7,7;
464;18,52;1,78;7,73;
465;18,56;1,59;7,79;
466;18,6;1,24;7,79;
467;18,64;1,05;7,83;
468;18,68;0,83;7,86;
469;18,72;0,6;7,86;
470;18,76;0,38;7,86;
471;18,8;-0,06;7,86;
472;18,84;-0,25;7,83;
473;18,88;-0,48;7,83;
474;18,92;-0,63;7,83;
475;18,96;-0,83;7,76;
476;19;-0,98;7,76;
477;19,04;-1,24;7,7;
478;19,08;-1,33;7,67;
479;19,12;-1,4;7,63;
480;19,16;-1,46;7,6;
481;19,2;-1,49;7,63;
482;19,24;-1,49;7,6;
483;19,28;-1,46;7,63;
484;19,32;-1,4;7,67;
485;19,36;-1,33;7,7;
486;19,4;-1,21;7,7;
487;19,44;-0,98;7,73;
488;19,48;-0,83;7,76;
489;19,52;-0,63;7,83;
490;19,56;-0,48;7,83;
491;19,6;-0,29;7,83;
492;19,64;-0,1;7,89;
493;19,68;0,29;7,89;
494;19,72;0,48;7,89;
495;19,76;0,67;7,86;
496;19,8;0,86;7,86;
497;19,84;1,05;7,83;
498;19,88;1,37;7,79;
499;19,92;1,49;7,76;
500;19,96;1,65;7,76;
501;20;1,71;7,76;
502;20,04;1,81;7,73;
503;20,08;1,9;7,7;
504;20,12;1,97;7,7;
505;20,16;1,97;7,7;
506;20,2;1,9;7,73;
507;20,24;1,87;7,7;
508;20,28;1,84;7,76;
509;20,32;1,65;7,76;
510;20,36;1,52;7,79;
511;20,4;1,4;7,79;
512;20,44;1,27;7,83;
513;20,48;1,14;7,83;
514;20,52;0,79;7,86;
515;20,56;0,6;7,89;
516;20,6;0,44;7,89;
517;20,64;0,25;7,86;
518;20,68;0,1;7,89;
519;20,72;-0,1;7,89;
520;20,76;-0,41;7,83;
521;20,8;-0,54;7,83;
522;20,84;-0,67;7,79;
523;20,88;-0,79;7,76;
524;20,92;-0,89;7,76;
525;20,96;-1,05;7,73;
526;21;-1,11;7,73;
527;21,04;-1,14;7,7;
528;21,08;-1,14;7,73;
529;21,12;-1,14;7,7;
530;21,16;-1,11;7,7;
531;21,2;-1,02;7,76;
532;21,24;-0,95;7,76;
533;21,28;-0,86;7,76;
534;21,32;-0,79;7,79;
535;21,36;-0,63;7,79;
536;21,4;-0,38;7,83;
537;21,44;-0,22;7,83;
538;21,48;-0,06;7,86;
539;21,52;0,1;7,86;
540;21,56;0,25;7,89;
541;21,6;0,41;7,86;
542;21,64;0,57;7,89;
543;21,68;0,86;7,86;
544;21,72;0,98;7,86;
545;21,76;1,11;7,83;
546;21,8;1,3;7,83;
547;21,84;1,4;7,79;
548;21,88;1,49;7,79;
549;21,92;1,52;7,79;
550;21,96;1,59;7,76;
551;22;1,59;7,76;
552;22,04;1,62;7,76;
553;22,08;1,59;7,76;
554;22,12;1,52;7,79;
555;22,16;1,46;7,76;
556;22,2;1,4;7,79;
557;22,24;1,21;7,83;
558;22,28;1,14;7,83;
559;22,32;1,02;7,83;
560;22,36;0,86;7,89;
561;22,4;0,73;7,86;
562;22,44;0,48;7,86;
563;22,48;0,29;7,89;
564;22,52;0,16;7,89;
565;22,56;0,03;7,86;
566;22,6;-0,13;7,86;
567;22,64;-0,25;7,83;
568;22,68;-0,44;7,83;
569;22,72;-0,54;7,83;
570;22,76;-0,6;7,83;
571;22,8;-0,7;7,79;
572;22,84;-0,76;7,76;
573;22,88;-0,86;7,76;
574;22,92;-0,86;7,76;
575;22,96;-0,86;7,76;
576;23;-0,83;7,76;
577;23,04;-0,83;7,76;
578;23,08;-0,76;7,76;
579;23,12;-0,63;7,79;
580;23,16;-0,57;7,83;
581;23,2;-0,44;7,83;
582;23,24;-0,38;7,83;
583;23,28;-0,13;7,89;
584;23,32;-0,03;7,86;
585;23,36;0,1;7,86;
586;23,4;0,22;7,89;
587;23,44;0,35;7,89;
588;23,48;0,6;7,89;
589;23,52;0,73;7,86;
590;23,56;0,86;7,86;
591;23,6;0,95;7,86;
592;23,64;1,05;7,86;
593;23,68;1,14;7,83;
594;23,72;1,24;7,83;
595;23,76;1,3;7,79;
596;23,8;1,3;7,83;
597;23,84;1,33;7,79;
598;23,88;1,37;7,79;
599;23,92;1,3;7,79;
600;23,96;1,3;7,79;
601;24;1,24;7,83;
602;24,04;1,17;7,83;
603;24,08;1,14;7,83;
604;24,12;0,95;7,89;
605;24,16;0,89;7,86;
606;24,2;0,76;7,89;
607;24,24;0,67;7,89;
608;24,28;0,41;7,89;
609;24,32;0,32;7,89;
610;24,36;0,22;7,86;
611;24,4;0,1;7,89;
612;24,44;-0,03;7,86;
613;24,48;-0,13;7,86;
614;24,52;-0,32;7,83;
615;24,56;-0,38;7,83;
616;24,6;-0,44;7,83;
617;24,64;-0,51;7,83;
618;24,68;-0,54;7,79;
619;24,72;-0,63;7,79;
620;24,76;-0,63;7,79;
621;24,8;-0,63;7,79;
622;24,84;-0,63;7,79;
623;24,88;-0,57;7,83;
624;24,92;-0,51;7,83;
625;24,96;-0,44;7,83;
626;25;-0,38;7,83;
627;25,04;-0,32;7,83;
628;25,08;-0,25;7,83;
629;25,12;-0,13;7,86;
630;25,16;0,06;7,86;
631;25,2;0,16;7,89;
632;25,24;0,25;7,86;
633;25,28;0,35;7,89;
634;25,32;0,48;7,89;
635;25,36;0,54;7,89;
636;25,4;0,67;7,86;
637;25,44;0,79;7,86;
638;25,48;0,89;7,89;
639;25,52;0,95;7,86;
640;25,56;1,02;7,83;
641;25,6;1,11;7,83;
642;25,64;1,11;7,83;
643;25,68;1,17;7,83;
644;25,72;1,14;7,83;
645;25,76;1,14;7,83;
646;25,8;1,14;7,83;
647;25,84;1,08;7,83;
648;25,88;1,02;7,83;
649;25,92;0,95;7,83;
650;25,96;0,83;7,89;
651;26;0,73;7,89;
652;26,04;0,67;7,89;
653;26,08;0,6;7,86;
654;26,12;0,51;7,89;
655;26,16;0,38;7,89;
656;26,2;0,22;7,89;
657;26,24;0,16;7,89;
658;26,28;0,03;7,89;
659;26,32;-0,03;7,89;
660;26,36;-0,13;7,86;
661;26,4;-0,25;7,83;
662;26,44;-0,29;7,83;
663;26,48;-0,35;7,83;
664;26,52;-0,38;7,83;
665;26,56;-0,44;7,83;
666;26,6;-0,44;7,83;
667;26,64;-0,44;7,83;
668;26,68;-0,44;7,83;
669;26,72;-0,38;7,83;
670;26,76;-0,38;7,83;
671;26,8;-0,35;7,83;
672;26,84;-0,25;7,86;
673;26,88;-0,19;7,86;
674;26,92;-0,1;7,86;
675;26,96;-0,06;7,86;
676;27;0,03;7,89;
677;27,04;0,19;7,86;
678;27,08;0,29;7,86;
679;27,12;0,35;7,89;
680;27,16;0,44;7,86;
681;27,2;0,51;7,89;
682;27,24;0,67;7,86;
683;27,28;0,73;7,86;
684;27,32;0,79;7,89;
685;27,36;0,86;7,86;
686;27,4;0,89;7,89;
687;27,44;0,92;7,86;
688;27,48;0,95;7,86;
689;27,52;0,98;7,83;
690;27,56;0,98;7,83;
691;27,6;0,98;7,83;
692;27,64;0,98;7,86;
693;27,68;0,95;7,86;
694;27,72;0,89;7,86;
695;27,76;0,83;7,86;
696;27,8;0,79;7,86;
697;27,84;0,73;7,86;
698;27,88;0,6;7,86;
699;27,92;0,54;7,86;
700;27,96;0,48;7,89;
701;28;0,35;7,89;
702;28,04;0,29;7,89;
703;28,08;0,22;7,89;
704;28,12;0,16;7,86;
705;28,16;0,03;7,86;
706;28,2;-0,03;7,86;
707;28,24;-0,1;7,86;
708;28,28;-0,13;7,86;
709;28,32;-0,22;7,83;
710;28,36;-0,25;7,83;
711;28,4;-0,29;7,83;
712;28,44;-0,29;7,83;
713;28,48;-0,29;7,83;
714;28,52;-0,32;7,83;
715;28,56;-0,25;7,83;
716;28,6;-0,25;7,83;
717;28,64;-0,22;7,83;
718;28,68;-0,19;7,83;
719;28,72;-0,13;7,86;
720;28,76;-0,06;7,86;
721;28,8;0,03;7,89;
722;28,84;0,06;7,86;
723;28,88;0,16;7,86;
724;28,92;0,22;7,86;
725;28,96;0,35;7,89;
726;29;0,41;7,89;
727;29,04;0,48;7,89;
728;29,08;0,54;7,86;
729;29,12;0,6;7,86;
730;29,16;0,67;7,86;
731;29,2;0,73;7,89;
732;29,24;0,76;7,89;
733;29,28;0,79;7,86;
734;29,32;0,79;7,89;
735;29,36;0,86;7,86;
736;29,4;0,86;7,89;
737;29,44;0,83;7,86;
738;29,48;0,86;7,86;
739;29,52;0,83;7,89;
740;29,56;0,73;7,89;
741;29,6;0,7;7,86;
742;29,64;0,67;7,89;
743;29,68;0,57;7,86;
744;29,72;0,54;7,89;
745;29,76;0,48;7,89;
746;29,8;0,41;7,86;
747;29,84;0,35;7,89;
748;29,88;0,22;7,89;
749;29,92;0,19;7,89;
750;29,96;0,13;7,89;
751;30;0,06;7,89;
752;30,04;0,03;7,86;
753;30,08;-0,03;7,89;
754;30,12;-0,1;7,86;
755;30,16;-0,13;7,86;
756;30,2;-0,16;7,86;
757;30,24;-0,16;7,86;
758;30,28;-0,19;7,86;
759;30,32;-0,19;7,83;
760;30,36;-0,16;7,86;
761;30,4;-0,16;7,86;
762;30,44;-0,13;7,86;
763;30,48;-0,1;7,86;
764;30,52;-0,03;7,86;
765;30,56;0,03;7,89;
766;30,6;0,06;7,86;
767;30,64;0,1;7,89;
768;30,68;0,16;7,86;
769;30,72;0,19;7,89;
770;30,76;0,29;7,89;
771;30,8;0,35;7,89;
772;30,84;0,38;7,89;
773;30,88;0,44;7,89;
774;30,92;0,48;7,89;
775;30,96;0,6;7,86;
776;31;0,6;7,89;
777;31,04;0,67;7,86;
778;31,08;0,67;7,86;
779;31,12;0,7;7,89;
780;31,16;0,7;7,86;
781;31,2;0,73;7,89;
782;31,24;0,73;7,86;
783;31,28;0,73;7,89;
784;31,32;0,7;7,86;
785;31,36;0,7;7,86;
786;31,4;0,63;7,89;
787;31,44;0,6;7,89;
788;31,48;0,6;7,86;
789;31,52;0,54;7,89;
790;31,56;0,51;7,86;
791;31,6;0,44;7,89;
792;31,64;0,38;7,89;
793;31,68;0,35;7,86;
794;31,72;0,29;7,86;
795;31,76;0,25;7,89;
796;31,8;0,19;7,86;
797;31,84;0,13;7,89;
798;31,88;0,1;7,86;
799;31,92;0,03;7,86;
800;31,96;0;7,86;
801;32;0;7,86;
802;32,04;-0,03;7,86;
803;32,08;-0,06;7,86;
804;32,12;-0,06;7,86;
805;32,16;-0,06;7,86;
806;32,2;-0,06;7,86;
807;32,24;-0,06;7,86;
808;32,28;-0,03;7,86;
809;32,32;0;7,86;
810;32,36;0;7,89;
811;32,4;0,06;7,86;
812;32,44;0,06;7,86;
813;32,48;0,13;7,89;
814;32,52;0,22;7,89;
815;32,56;0,22;7,89;
816;32,6;0,29;7,86;
817;32,64;0,35;7,86;
818;32,68;0,38;7,86;
819;32,72;0,41;7,89;
820;32,76;0,48;7,89;
821;32,8;0,48;7,89;
822;32,84;0,54;7,89;
823;32,88;0,6;7,86;
824;32,92;0,6;7,89;
825;32,96;0,6;7,89;
826;33;0,67;7,89;
827;33,04;0,63;7,89;
828;33,08;0,67;7,89;
829;33,12;0,67;7,86;
830;33,16;0,63;7,89;
831;33,2;0,6;7,89;
832;33,24;0,6;7,86;
833;33,28;0,54;7,89;
834;33,32;0,51;7,86;
835;33,36;0,48;7,86;
836;33,4;0,44;7,86;
837;33,44;0,41;7,89;
838;33,48;0,38;7,89;
839;33,52;0,32;7,89;
840;33,56;0,29;7,89;
841;33,6;0,25;7,89;
842;33,64;0,19;7,89;
843;33,68;0,19;7,89;
844;33,72;0,13;7,89;
845;33,76;0,13;7,89;
846;33,8;0,1;7,86;
847;33,84;0,03;7,86;
848;33,88;0,03;7,86;
849;33,92;0;7,89;
850;33,96;0,03;7,86;
851;34;0,03;7,86;
852;34,04;0,03;7,86;
853;34,08;0,03;7,86;
854;34,12;0,03;7,86;
855;34,16;0,06;7,86;
856;34,2;0,1;7,86;
857;34,24;0,13;7,86;
858;34,28;0,13;7,89;
859;34,32;0,16;7,89;
860;34,36;0,19;7,89;
861;34,4;0,25;7,89;
862;34,44;0,29;7,89;
863;34,48;0,32;7,89;
864;34,52;0,35;7,89;
865;34,56;0,38;7,89;
866;34,6;0,41;7,89;
867;34,64;0,44;7,86;
868;34,68;0,48;7,86;
869;34,72;0,51;7,89;
870;34,76;0,51;7,86;
871;34,8;0,54;7,89;
872;34,84;0,54;7,89;
873;34,88;0,54;7,89;
874;34,92;0,54;7,89;
875;34,96;0,54;7,89;
876;35;0,54;7,86;
877;35,04;0,54;7,89;
878;35,08;0,54;7,86;
879;35,12;0,51;7,86;
880;35,16;0,48;7,89;
881;35,2;0,48;7,86;
882;35,24;0,41;7,89;
883;35,28;0,38;7,86;
884;35,32;0,35;7,89;
885;35,36;0,32;7,89;
886;35,4;0,32;7,89;
887;35,44;0,25;7,89;
888;35,48;0,22;7,89;
889;35,52;0,19;7,86;
890;35,56;0,19;7,89;
891;35,6;0,16;7,89;
892;35,64;0,13;7,89;
893;35,68;0,1;7,89;
894;35,72;0,1;7,86;
895;35,76;0,1;7,89;
896;35,8;0,1;7,89;
897;35,84;0,1;7,86;
898;35,88;0,1;7,86;
899;35,92;0,1;7,86;
900;35,96;0,1;7,86;
901;36;0,13;7,89;
902;36,04;0,13;7,86;
903;36,08;0,16;7,86;
904;36,12;0,19;7,89;
905;36,16;0,19;7,89;
906;36,2;0,22;7,86;
907;36,24;0,29;7,89;
908;36,28;0,25;7,89;
909;36,32;0,32;7,89;
910;36,36;0,32;7,89;
911;36,4;0,38;7,89;
912;36,44;0,41;7,89;
913;36,48;0,38;7,86;
914;36,52;0,41;7,89;
915;36,56;0,44;7,86;
916;36,6;0,48;7,89;
917;36,64;0,48;7,89;
918;36,68;0,48;7,89;
919;36,72;0,48;7,89;
920;36,76;0,48;7,89;
921;36,8;0,48;7,89;
922;36,84;0,48;7,89;
923;36,88;0,48;7,89;
924;36,92;0,48;7,86;
925;36,96;0,44;7,89;
926;37;0,41;7,89;
927;37,04;0,41;7,86;
928;37,08;0,41;7,86;
929;37,12;0,38;7,89;
930;37,16;0,35;7,89;
931;37,2;0,32;7,89;
932;37,24;0,29;7,89;
933;37,28;0,25;7,89;
934;37,32;0,25;7,86;
935;37,36;0,25;7,86;
936;37,4;0,22;7,86;
937;37,44;0,22;7,89;
938;37,48;0,19;7,89;
939;37,52;0,19;7,89;
940;37,56;0,16;7,89;
941;37,6;0,16;7,86;
942;37,64;0,13;7,89;
943;37,68;0,16;7,89;
944;37,72;0,13;7,89;
945;37,76;0,16;7,89;
946;37,8;0,16;7,89;
947;37,84;0,19;7,89;
948;37,88;0,22;7,89;
949;37,92;0,22;7,86;
950;37,96;0,25;7,89;
951;38;0,25;7,89;
952;38,04;0,25;7,86;
953;38,08;0,29;7,86;
954;38,12;0,29;7,86;
955;38,16;0,32;7,89;
956;38,2;0,35;7,89;
957;38,24;0,35;7,89;
958;38,28;0,38;7,89;
959;38,32;0,38;7,89;
960;38,36;0,41;7,89;
961;38,4;0,41;7,89;
